{
  "clientes": [
    {
      "id": "1",
      "nome": "adm",
      "email": "adm@adm.com",
      "senha": 123456
    },
    {
      "id": "2",
      "nome": "Maria Silva",
      "email": "maria@gmail.com",
      "senha": 123456
    },
    {
      "id": "1926",
      "nome": "Ayrton sena",
      "email": "Ayrton@gmail.com",
      "telefone": "(91) 98717-1037",
      "senha": "1234"
    }
  ],
  "produtos": [
    {
      "id": "1",
      "nome": "Alexa echo dot",
      "preco": 320,
      "estoque": 10,
      "imagem": "1.jpg"
    },
    {
      "id": "2",
      "nome": "Caixa de som - HYPER",
      "preco": 810,
      "estoque": 8,
      "imagem": "2.jpg"
    },
    {
      "id": "3",
      "nome": "Caixa de som - POWER",
      "preco": 590,
      "estoque": 10,
      "imagem": "3.jpg"
    },
    {
      "id": "4",
      "nome": "Câmera digital-OLYMPUS",
      "preco": 1800,
      "estoque": 50,
      "imagem": "4.jpg"
    },
    {
      "id": "5",
      "nome": "Smart watch",
      "preco": 280,
      "estoque": 10,
      "imagem": "5.jpg"
    },
    {
      "id": "6",
      "nome": "Webcam profissional",
      "preco": 500,
      "estoque": 10,
      "imagem": "6.jpg"
    },
    {
      "id": "7",
      "nome": "Câmera de segurança",
      "preco": 110,
      "estoque": 40,
      "imagem": "7.jpg"
    },
    {
      "id": "8",
      "nome": "Tripé de Câmera Nest NT777",
      "preco": 1180,
      "estoque": 7,
      "imagem": "8.jpg"
    }
  ]
}